{
    "_ColorR": 1.0,
    "_ColorG": 1.0,
    "_ColorB": 1.0,
    "_RampLevels": 2.0,
    "_LightScalar": 2.509999990463257,
    "_HighColorR": 0.30980393290519717,
    "_HighColorG": 0.7058823704719544,
    "_HighColorB": 0.4234762489795685,
    "_HighIntensity": 0.949999988079071,
    "_LowColorR": 0.332874596118927,
    "_LowColorG": 0.4528301954269409,
    "_LowColorB": 0.25418299436569216,
    "_LowIntensity": 0.699999988079071,
    "_OutlineColorR": 0.018422912806272508,
    "_OutlineColorG": 0.018867909908294679,
    "_OutlineColorB": 0.01860726810991764,
    "_OutlineSize": 38.31999969482422,
    "_RimColorR": 0.3686365485191345,
    "_RimColorG": 0.7169811725616455,
    "_RimColorB": 0.45158207416534426,
    "_RimAlpha": 0.0,
    "_RimPower": 0.49000000953674319,
    "_RimDropOff": 0.0,
    "_FresnelColorR": 0.3948914110660553,
    "_FresnelColorG": 0.5471698045730591,
    "_FresnelColorB": 0.43233153223991396,
    "_FresnelBrightness": 0.052000001072883609,
    "_FresnelPower": 0.8500000238418579,
    "_FresnelShadowDropoff": 0.0,
    "_GradYCap": 0.0,
    "_GradIntensity": 0.0
}