{
    "_ColorR": 1.0,
    "_ColorG": 1.0,
    "_ColorB": 1.0,
    "_RampLevels": 6.0,
    "_LightScalar": 2.0999999046325685,
    "_HighColorR": 0.4716981053352356,
    "_HighColorG": 0.4716981053352356,
    "_HighColorB": 0.4716981053352356,
    "_HighIntensity": 2.799999952316284,
    "_LowColorR": 0.650943398475647,
    "_LowColorG": 0.551571249961853,
    "_LowColorB": 0.3776699900627136,
    "_LowIntensity": 2.799999952316284,
    "_OutlineColorR": 0.0,
    "_OutlineColorG": 0.0,
    "_OutlineColorB": 0.0,
    "_OutlineSize": 8.020000457763672,
    "_RimColorR": 0.801886796951294,
    "_RimColorG": 0.5656445622444153,
    "_RimColorB": 0.1929067075252533,
    "_RimAlpha": 0.09000000357627869,
    "_RimPower": 0.0,
    "_RimDropOff": 0.05999999865889549,
    "_FresnelColorR": 0.08490568399429321,
    "_FresnelColorG": 0.08490568399429321,
    "_FresnelColorB": 0.08490568399429321,
    "_FresnelBrightness": 0.05999999865889549,
    "_FresnelPower": 0.9100000262260437,
    "_FresnelShadowDropoff": 0.0,
    "_GradYCap": 0.0,
    "_GradIntensity": 0.0
}