{
    "_ColorR": 0.8632075786590576,
    "_ColorG": 0.9761077761650086,
    "_ColorB": 1.0,
    "_RampLevels": 24.0,
    "_LightScalar": 1.899999976158142,
    "_HighColorR": 1.0,
    "_HighColorG": 0.8883233070373535,
    "_HighColorB": 0.7877358198165894,
    "_HighIntensity": 1.5,
    "_LowColorR": 0.615686297416687,
    "_LowColorG": 0.41249150037765505,
    "_LowColorB": 0.3121662735939026,
    "_LowIntensity": 2.7300000190734865,
    "_OutlineColorR": 0.0,
    "_OutlineColorG": 0.0,
    "_OutlineColorB": 0.0,
    "_OutlineSize": 62.189998626708987,
    "_RimColorR": 0.5008832216262817,
    "_RimColorG": 0.5283018946647644,
    "_RimColorB": 0.35137060284614565,
    "_RimAlpha": 0.0,
    "_RimPower": 0.013000000268220902,
    "_RimDropOff": 0.0,
    "_FresnelColorR": 0.8773584961891174,
    "_FresnelColorG": 0.8147684931755066,
    "_FresnelColorB": 0.08690815418958664,
    "_FresnelBrightness": 0.019999999552965165,
    "_FresnelPower": 0.734000027179718,
    "_FresnelShadowDropoff": 0.5,
    "_GradYCap": 0.0,
    "_GradIntensity": 0.0
}