{
    "_ColorR": 1.0,
    "_ColorG": 1.0,
    "_ColorB": 1.0,
    "_RampLevels": 2.0,
    "_LightScalar": 2.509999990463257,
    "_HighColorR": 0.9150943160057068,
    "_HighColorG": 0.8943842649459839,
    "_HighColorB": 0.7035866379737854,
    "_HighIntensity": 0.949999988079071,
    "_LowColorR": 0.8198319673538208,
    "_LowColorG": 0.8301886916160584,
    "_LowColorB": 0.567817747592926,
    "_LowIntensity": 0.44999998807907107,
    "_OutlineColorR": 0.018422912806272508,
    "_OutlineColorG": 0.018867909908294679,
    "_OutlineColorB": 0.01860726810991764,
    "_OutlineSize": 38.31999969482422,
    "_RimColorR": 1.0,
    "_RimColorG": 0.9855302572250366,
    "_RimColorB": 0.8820754885673523,
    "_RimAlpha": 0.0,
    "_RimPower": 0.49000000953674319,
    "_RimDropOff": 0.0,
    "_FresnelColorR": 1.0,
    "_FresnelColorG": 0.9762547612190247,
    "_FresnelColorB": 0.8820754885673523,
    "_FresnelBrightness": 0.052000001072883609,
    "_FresnelPower": 0.8500000238418579,
    "_FresnelShadowDropoff": 0.0,
    "_GradYCap": 0.0,
    "_GradIntensity": 0.0
}