{
    "_ColorR": 1.0,
    "_ColorG": 1.0,
    "_ColorB": 1.0,
    "_RampLevels": 2.0,
    "_LightScalar": 2.509999990463257,
    "_HighColorR": 0.5747151970863342,
    "_HighColorG": 0.5786957144737244,
    "_HighColorB": 0.5943396091461182,
    "_HighIntensity": 0.949999988079071,
    "_LowColorR": 0.3493236005306244,
    "_LowColorG": 0.39827340841293337,
    "_LowColorB": 0.4716981053352356,
    "_LowIntensity": 0.44999998807907107,
    "_OutlineColorR": 0.018422912806272508,
    "_OutlineColorG": 0.018867909908294679,
    "_OutlineColorB": 0.01860726810991764,
    "_OutlineSize": 38.31999969482422,
    "_RimColorR": 1.0,
    "_RimColorG": 1.0,
    "_RimColorB": 1.0,
    "_RimAlpha": 0.0,
    "_RimPower": 0.49000000953674319,
    "_RimDropOff": 0.0,
    "_FresnelColorR": 1.0,
    "_FresnelColorG": 1.0,
    "_FresnelColorB": 1.0,
    "_FresnelBrightness": 0.052000001072883609,
    "_FresnelPower": 0.8500000238418579,
    "_FresnelShadowDropoff": 0.0,
    "_GradYCap": 0.0,
    "_GradIntensity": 0.0
}